INSERT INTO users (id, createdAt, firstname, email, status, createdBy_id) VALUES (1, "2014-10-09 11:33:45", "Fabio", 'info@ora.local', 1, 1);
INSERT INTO users (id, createdAt, firstname, email, status, createdBy_id) VALUES (2, "2014-10-09 11:33:45", "Mario", 'info2@ora.local', 1, 1);
INSERT INTO users (id, createdAt, firstname, email, status, createdBy_id) VALUES (3, "2014-06-15 07:11:42", "Roberta", 'info3@ora.local', 1, 1);
INSERT INTO users (id, createdAt, firstname, email, status, createdBy_id) VALUES (4, "2014-07-13 08:23:13", "Giovanni", 'info4@ora.local', 1, 1);

INSERT INTO projects (id, createdAt, subject, createdBy_id) VALUES (1, "2014-10-09 11:33:45", "This is a fake project subject", 1);

INSERT INTO tasks (id, project_id, createdAt, subject, status, createdBy_id, type) VALUES (1, 1, "2014-10-09 11:33:45", "UNA ROTONDA SUL MARE", 20, 1, "task");
INSERT INTO tasks (id, project_id, createdAt, subject, status, createdBy_id, type) VALUES (2, 1, "2014-08-12 14:22:55", "THIS TASK HAVE RANDOM SUBJECT", 20, 2, "task");
INSERT INTO tasks (id, project_id, createdAt, subject, status, createdBy_id, type) VALUES (3, 1, "2014-08-12 14:22:55", "JUST ANOTHER SIMPLE TASK", 20, 3, "task");
INSERT INTO tasks (id, project_id, createdAt, subject, status, createdBy_id, type) VALUES (4, 1, "2014-08-12 14:22:55", "REMEMBER TO SOLVE ALL TODO", 40, 4, "task");

INSERT INTO teams (task_id, user_id) VALUES (1, 1);
INSERT INTO teams (task_id, user_id) VALUES (1, 2);
INSERT INTO teams (task_id, user_id) VALUES (2, 1);
INSERT INTO teams (task_id, user_id) VALUES (2, 2);
INSERT INTO teams (task_id, user_id) VALUES (2, 4);
INSERT INTO teams (task_id, user_id) VALUES (3, 3);
INSERT INTO teams (task_id, user_id) VALUES (4, 4);

INSERT INTO event_stream (eventId, version, eventName, payload, occurredOn, aggregate_type, aggregate_id) VALUES ("fbdfdd17-61ef-4f80-bcd4-7e6eb6990690",1,"Ora\\TaskManagement\\TaskCreated","a:7:{s:9:\"createdAt\";O:8:\"DateTime\":3:{s:4:\"date\";s:26:\"2014-10-31 19:21:39.000000\";s:13:\"timezone_type\";i:3;s:8:\"timezone\";s:11:\"Europe/Rome\";}s:9:\"createdBy\";C:16:\"Ora\\User\\Profile\":155:{a:4:{s:2:\"id\";s:36:\"60000000-0000-0000-0000-000000000000\";s:5:\"email\";s:21:\"mark.rogers@ora.local\";s:9:\"firstname\";s:4:\"Mark\";s:8:\"lastname\";s:6:\"Rogers\";}}s:6:\"status\";i:20;s:7:\"subject\";s:12:\"Prova Andrea\";s:7:\"members\";a:1:{i:0;r:6;}s:7:\"project\";C:29:\"Ora\\ProjectManagement\\Project\":94:{a:2:{s:2:\"id\";s:36:\"00000000-1000-0000-0000-000000000000\";s:7:\"subject\";s:13:\"First project\";}}s:12:\"aggregate_id\";s:36:\"00000000-0000-0000-0000-000000000000\";}","2014-10-29T19:00:51.000000+0100","Ora\\TaskManagement\\Task","00000000-0000-0000-0000-000000000000");
INSERT INTO event_stream (eventId, version, eventName, payload, occurredOn, aggregate_type, aggregate_id) VALUES ("fbdfdd17-61ef-4f80-bcd4-7e6eb6990691",1,"Ora\\TaskManagement\\TaskCreated","a:7:{s:9:\"createdAt\";O:8:\"DateTime\":3:{s:4:\"date\";s:26:\"2014-10-31 19:21:39.000000\";s:13:\"timezone_type\";i:3;s:8:\"timezone\";s:11:\"Europe/Rome\";}s:9:\"createdBy\";C:16:\"Ora\\User\\Profile\":155:{a:4:{s:2:\"id\";s:36:\"60000000-0000-0000-0000-000000000000\";s:5:\"email\";s:21:\"mark.rogers@ora.local\";s:9:\"firstname\";s:4:\"Mark\";s:8:\"lastname\";s:6:\"Rogers\";}}s:6:\"status\";i:20;s:7:\"subject\";s:12:\"Prova Andrea\";s:7:\"members\";a:1:{i:0;r:6;}s:7:\"project\";C:29:\"Ora\\ProjectManagement\\Project\":94:{a:2:{s:2:\"id\";s:36:\"00000000-1000-0000-0000-000000000000\";s:7:\"subject\";s:13:\"First project\";}}s:12:\"aggregate_id\";s:36:\"00000000-0000-0000-0000-000000000001\";}","2014-10-29T19:00:51.000000+0100","Ora\\TaskManagement\\Task","00000000-0000-0000-0000-000000000001");
INSERT INTO event_stream (eventId, version, eventName, payload, occurredOn, aggregate_type, aggregate_id) VALUES ("fbdfdd17-61ef-4f80-bcd4-7e6eb6990692",2,"Ora\\TaskManagement\\TaskCompleted","a:2:{s:12:\"aggregate_id\";s:36:\"00000000-0000-0000-0000-000000000001\";s:11:\"completedBy\";C:16:\"Ora\\User\\Profile\":155:{a:4:{s:2:\"id\";s:36:\"60000000-0000-0000-0000-000000000000\";s:5:\"email\";s:21:\"mark.rogers@ora.local\";s:9:\"firstname\";s:4:\"Mark\";s:8:\"lastname\";s:6:\"Rogers\";}}}","2014-10-31T10:44:30.000000+0100","Ora\\TaskManagement\\Task","00000000-0000-0000-0000-000000000001");
INSERT INTO event_stream (eventId, version, eventName, payload, occurredOn, aggregate_type, aggregate_id) VALUES ("fbdfdd17-61ef-4f80-bcd4-7e6eb6990693",1,"Ora\\TaskManagement\\TaskCreated","a:7:{s:9:\"createdAt\";O:8:\"DateTime\":3:{s:4:\"date\";s:26:\"2014-10-31 19:21:39.000000\";s:13:\"timezone_type\";i:3;s:8:\"timezone\";s:11:\"Europe/Rome\";}s:9:\"createdBy\";C:16:\"Ora\\User\\Profile\":155:{a:4:{s:2:\"id\";s:36:\"60000000-0000-0000-0000-000000000000\";s:5:\"email\";s:21:\"mark.rogers@ora.local\";s:9:\"firstname\";s:4:\"Mark\";s:8:\"lastname\";s:6:\"Rogers\";}}s:6:\"status\";i:20;s:7:\"subject\";s:12:\"Prova Andrea\";s:7:\"members\";a:1:{i:0;r:6;}s:7:\"project\";C:29:\"Ora\\ProjectManagement\\Project\":94:{a:2:{s:2:\"id\";s:36:\"00000000-1000-0000-0000-000000000000\";s:7:\"subject\";s:13:\"First project\";}}s:12:\"aggregate_id\";s:36:\"00000000-0000-0000-0000-000000000002\";}","2014-10-29T19:00:51.000000+0100","Ora\\TaskManagement\\Task","00000000-0000-0000-0000-000000000002");
INSERT INTO event_stream (eventId, version, eventName, payload, occurredOn, aggregate_type, aggregate_id) VALUES ("fbdfdd17-61ef-4f80-bcd4-7e6eb6990694",2,"Ora\\TaskManagement\\TaskCompleted","a:2:{s:12:\"aggregate_id\";s:36:\"00000000-0000-0000-0000-000000000002\";s:11:\"completedBy\";C:16:\"Ora\\User\\Profile\":155:{a:4:{s:2:\"id\";s:36:\"60000000-0000-0000-0000-000000000000\";s:5:\"email\";s:21:\"mark.rogers@ora.local\";s:9:\"firstname\";s:4:\"Mark\";s:8:\"lastname\";s:6:\"Rogers\";}}}","2014-10-31T10:44:30.000000+0100","Ora\\TaskManagement\\Task","00000000-0000-0000-0000-000000000002");
INSERT INTO event_stream (eventId, version, eventName, payload, occurredOn, aggregate_type, aggregate_id) VALUES ("fbdfdd17-61ef-4f80-bcd4-7e6eb6990695",2,"Ora\\TaskManagement\\TaskAccepted","a:2:{s:12:\"aggregate_id\";s:36:\"00000000-0000-0000-0000-000000000002\";s:10:\"acceptedBy\";C:16:\"Ora\\User\\Profile\":155:{a:4:{s:2:\"id\";s:36:\"60000000-0000-0000-0000-000000000000\";s:5:\"email\";s:21:\"mark.rogers@ora.local\";s:9:\"firstname\";s:4:\"Mark\";s:8:\"lastname\";s:6:\"Rogers\";}}}","2014-10-31T10:44:30.000000+0100","Ora\\TaskManagement\\Task","00000000-0000-0000-0000-000000000002");
INSERT INTO event_stream (eventId, version, eventName, payload, occurredOn, aggregate_type, aggregate_id) VALUES ("fbdfdd17-61ef-4f80-bcd4-7e6eb6990696",1,"Ora\\TaskManagement\\TaskCreated","a:7:{s:9:\"createdAt\";O:8:\"DateTime\":3:{s:4:\"date\";s:26:\"2014-10-31 19:21:39.000000\";s:13:\"timezone_type\";i:3;s:8:\"timezone\";s:11:\"Europe/Rome\";}s:9:\"createdBy\";C:16:\"Ora\\User\\Profile\":155:{a:4:{s:2:\"id\";s:36:\"70000000-0000-0000-0000-000000000000\";s:5:\"email\";s:21:\"phil.toledo@ora.local\";s:9:\"firstname\";s:4:\"Phil\";s:8:\"lastname\";s:6:\"Toledo\";}}s:6:\"status\";i:20;s:7:\"subject\";s:12:\"Prova Andrea\";s:7:\"members\";a:1:{i:0;r:6;}s:7:\"project\";C:29:\"Ora\\ProjectManagement\\Project\":94:{a:2:{s:2:\"id\";s:36:\"00000000-1000-0000-0000-000000000000\";s:7:\"subject\";s:13:\"First project\";}}s:12:\"aggregate_id\";s:36:\"00000000-0000-0000-0000-000000000003\";}","2014-10-29T19:00:51.000000+0100","Ora\\TaskManagement\\Task","00000000-0000-0000-0000-000000000003");
INSERT INTO event_stream (eventId, version, eventName, payload, occurredOn, aggregate_type, aggregate_id) VALUES ("fbdfdd17-61ef-4f80-bcd4-7e6eb6990697",1,"Ora\\TaskManagement\\TaskCreated","a:7:{s:9:\"createdAt\";O:8:\"DateTime\":3:{s:4:\"date\";s:26:\"2014-10-31 19:21:39.000000\";s:13:\"timezone_type\";i:3;s:8:\"timezone\";s:11:\"Europe/Rome\";}s:9:\"createdBy\";C:16:\"Ora\\User\\Profile\":155:{a:4:{s:2:\"id\";s:36:\"70000000-0000-0000-0000-000000000000\";s:5:\"email\";s:21:\"phil.toledo@ora.local\";s:9:\"firstname\";s:4:\"Phil\";s:8:\"lastname\";s:6:\"Toledo\";}}s:6:\"status\";i:20;s:7:\"subject\";s:12:\"Prova Andrea\";s:7:\"members\";a:1:{i:0;r:6;}s:7:\"project\";C:29:\"Ora\\ProjectManagement\\Project\":94:{a:2:{s:2:\"id\";s:36:\"00000000-1000-0000-0000-000000000000\";s:7:\"subject\";s:13:\"First project\";}}s:12:\"aggregate_id\";s:36:\"00000000-0000-0000-0000-000000000004\";}","2014-10-29T19:00:51.000000+0100","Ora\\TaskManagement\\Task","00000000-0000-0000-0000-000000000004");


a:6:{s:9:"createdAt";O:8:"DateTime":3:{s:4:"date";s:26:"2014-10-31 19:21:39.000000";s:13:"timezone_type";i:3;s:8:"timezone";s:11:"Europe/Rome";}s:9:"createdBy";C:16:"Ora\User\Profile":155:{a:4:{s:2:"id";s:36:"60000000-0000-0000-0000-000000000000";s:5:"email";s:21:"mark.rogers@ora.local";s:9:"firstname";s:4:"Mark";s:8:"lastname";s:6:"Rogers";}}s:6:"status";i:20;s:7:"subject";s:12:"Prova Andrea";s:7:"members";a:1:{i:0;r:6;}s:7:"project";C:29:"Ora\ProjectManagement\Project":94:{a:2:{s:2:"id";s:36:"00000000-1000-0000-0000-000000000000";s:7:"subject";s:13:"First project";}}s:12:"aggregate_id";s:36:"00000000-0000-0000-0000-000000000003";}
a:7:{s:9:"createdAt";O:8:"DateTime":3:{s:4:"date";s:26:"2014-11-01 10:29:27.000000";s:13:"timezone_type";i:3;s:8:"timezone";s:11:"Europe/Rome";}s:9:"createdBy";C:16:"Ora\User\Profile":155:{a:4:{s:2:"id";s:36:"60000000-0000-0000-0000-000000000000";s:5:"email";s:21:"mark.rogers@ora.local";s:9:"firstname";s:4:"Mark";s:8:"lastname";s:6:"Rogers";}}s:6:"status";i:20;s:7:"subject";s:12:"Prova Andrea";s:7:"members";a:1:{i:0;r:6;}s:7:"project";C:29:"Ora\ProjectManagement\Project":94:{a:2:{s:2:"id";s:36:"00000000-1000-0000-0000-000000000000";s:7:"subject";s:13:"First project";}}s:12:"aggregate_id";s:36:"d4ece4bb-ce40-4b11-9797-f800031c8824";}
